{
    "metrics": {
        "accuracy": 0.9996290020709436,
        "precision": 0.9999706916764362,
        "recall": 0.9993751281475479,
        "f1": 0.9996728212089989,
        "roc_auc": 0.99999609413876,
        "avg_prediction_time_ms": 0.0011692747137233047,
        "timestamp": "20250224_235711",
        "dataset_type": "train",
        "n_samples": 180594,
        "n_features": 68
    },
    "classification_report": "              precision    recall  f1-score   support\n\n           0       1.00      1.00      1.00     78173\n           1       1.00      1.00      1.00    102421\n\n    accuracy                           1.00    180594\n   macro avg       1.00      1.00      1.00    180594\nweighted avg       1.00      1.00      1.00    180594\n"
}